<?xml version="1.0" encoding="UTF-8"?>
<project-private xmlns="http://www.netbeans.org/ns/project-private/1">
    <editor-bookmarks xmlns="http://www.netbeans.org/ns/editor-bookmarks/2" lastBookmarkId="0"/>
    <open-files xmlns="http://www.netbeans.org/ns/projectui-open-files/2">
        <group>
            <file>file:/C:/wamp64/www/SiteYannLefevre/js/freelancer.js</file>
            <file>file:/C:/wamp64/www/SiteYannLefevre/uploadProjectPicture.php</file>
            <file>file:/C:/wamp64/www/SiteYannLefevre/index.php</file>
            <file>file:/C:/wamp64/www/SiteYannLefevre/css/freelancer.css</file>
            <file>file:/C:/wamp64/www/SiteYannLefevre/removeskill.php</file>
            <file>file:/C:/wamp64/www/SiteYannLefevre/uploadCV.php</file>
            <file>file:/C:/wamp64/www/SiteYannLefevre/addproject.php</file>
            <file>file:/C:/wamp64/www/SiteYannLefevre/addskill.php</file>
            <file>file:/C:/wamp64/www/SiteYannLefevre/removeproject.php</file>
        </group>
    </open-files>
</project-private>
